variant	invasion_allele	invasive_af	in_rtab	n_carriers	n_sublineages	n_sublineages_ge_min	dominant_sublineage	dominant_sublineage_frac	breadth_class
NC_009648_2196209_T_A	REF	0.9311	True	12665	1037	356	SL258	0.167	species_wide
NC_009648_15231_C_T	ALT	0.0645	True	877	17	4	SL307	0.8415	single_sublineage
NC_009648_368126_C_T	ALT	0.109	True	1488	587	127	SL334	0.0437	species_wide
NC_009648_465567_T_C	REF	0.9262	True	12598	1337	419	SL258	0.1678	species_wide
NC_009648_2187589_G_A	ALT	0.109	True	1487	5	3	SL258	0.9825	single_sublineage
NC_009648_1049470_C_T	REF	0.893	True	12143	790	302	SL258	0.1902	species_wide
NC_009648_4130415_G_C	ALT	0.586	True	7974	946	304	SL258	0.2832	species_wide
NC_009648_1934204_C_T	ALT	0.115	True	1564	343	84	SL17	0.4444	species_wide
NC_009648_2307956_G_A	ALT	0.0593	True	807	5	4	SL307	0.8823	single_sublineage
NC_009648_3194779_C_T	REF	0.9455	True	12861	1082	369	SL258	0.1795	species_wide
NC_009648_4972208_G_C	ALT	0.274	True	3731	271	74	SL258	0.557	few_sublineage
NC_009648_2123878_T_C	ALT	0.742	True	10086	677	262	SL258	0.149	species_wide
NC_009648_4772393_C_T	REF	0.9096	True	12615	1330	420	SL258	0.1807	species_wide
NC_009648_4049968_A_T	REF	0.942	True	12813	1060	361	SL258	0.1802	species_wide
NC_009648_3643980_ACAG_A	REF	0.9713	True	13211	1345	424	SL258	0.1452	species_wide
NC_009648_2353314_C_T	REF	0.979	True	13317	1344	423	SL258	0.1588	species_wide
NC_009648_4768525_G_A	ALT	0.0954	True	1297	80	32	SL307	0.5513	few_sublineage
NC_009648_4874622_A_T	REF	0.409	True	5375	581	157	SL258	0.3939	species_wide
NC_009648_3556816_C_A	REF	0.9674	True	13159	1243	405	SL258	0.1755	species_wide
NC_009648_4880563_T_C	REF	0.9647	True	12972	1120	374	SL258	0.1757	species_wide
NC_009648_3186659_G_A	ALT	0.0669	True	910	38	13	SL307	0.7824	few_sublineage
NC_009648_2148279_C_A	REF	0.9396	True	12780	1345	424	SL258	0.1807	species_wide
NC_009648_4106541_C_T	REF	0.9396	True	12780	1345	424	SL258	0.1807	species_wide
NC_009648_2130588_G_A	REF	0.9395	True	12779	1344	424	SL258	0.1807	species_wide
NC_009648_2179794_T_C	REF	0.9396	True	12781	1345	424	SL258	0.1807	species_wide
NC_009648_102781_G_A	REF	0.9394	True	12778	1344	424	SL258	0.1807	species_wide
NC_009648_2113800_G_T	REF	0.9854	True	13403	1345	424	SL258	0.1574	species_wide
NC_009648_4601529_G_T	REF	0.9854	True	13403	1345	424	SL258	0.1574	species_wide
NC_009648_936994_C_T	REF	0.9405	True	12793	1116	370	SL258	0.1805	species_wide
NC_009648_317893_G_A	REF	0.617	True	8399	1089	310	SL147	0.1194	species_wide
NC_009648_355609_G_T	REF	0.9853	True	13402	1344	424	SL258	0.1574	species_wide
NC_009648_1089691_G_T	REF	0.9835	True	13378	1343	424	SL258	0.1562	species_wide
NC_009648_4538552_T_A	REF	0.7130000000000001	True	9695	1029	280	SL258	0.2381	species_wide
NC_009648_3611943_G_T	REF	0.9858	True	13409	1345	424	SL258	0.1578	species_wide
NC_009648_1298812_G_A	REF	0.9857	True	13408	1345	424	SL258	0.1577	species_wide
NC_009648_2888315_G_A	REF	0.9857	True	13408	1345	424	SL258	0.1577	species_wide
NC_009648_3684475_C_A	REF	0.9857	True	13408	1345	424	SL258	0.1577	species_wide
NC_009648_3688036_G_T	REF	0.9857	True	13408	1345	424	SL258	0.1577	species_wide
NC_009648_3691585_G_T	REF	0.9857	True	13408	1345	424	SL258	0.1577	species_wide
NC_009648_3693157_G_A	REF	0.9857	True	13408	1345	424	SL258	0.1577	species_wide
NC_009648_3693942_C_A	REF	0.9857	True	13408	1345	424	SL258	0.1577	species_wide
NC_009648_4482783_A_T	REF	0.9857	True	13408	1345	424	SL258	0.1577	species_wide
NC_009648_82611_C_T	REF	0.9857	True	13408	1345	424	SL258	0.1577	species_wide
NC_009648_2002195_G_T	REF	0.9854	True	13403	1343	423	SL258	0.1578	species_wide
NC_009648_870040_G_A	REF	0.9857	True	13407	1345	424	SL258	0.1578	species_wide
NC_009648_1999250_G_A	REF	0.9856	True	13406	1345	424	SL258	0.1578	species_wide
NC_009648_2502366_C_T	REF	0.9852	True	13401	1342	424	SL258	0.1578	species_wide
NC_009648_2005646_C_T	REF	0.9851	True	13400	1339	424	SL258	0.1578	species_wide
NC_009648_2012713_G_A	REF	0.9525	True	12956	1134	373	SL258	0.1782	species_wide
NC_009648_329862_G_A	REF	0.9858	True	13409	1345	424	SL258	0.158	species_wide
NC_009648_465590_C_A	REF	0.9338	True	12701	1238	389	SL258	0.1664	species_wide
NC_009648_2097572_G_A	REF	0.9693	True	13185	1267	405	SL258	0.1751	species_wide
NC_009648_2189360_G_A	REF	0.977	True	13289	1333	417	SL258	0.1738	species_wide
NC_009648_465578_T_G	REF	0.9825	True	13364	1341	422	SL258	0.1582	species_wide
NC_009648_5107598_TC_T	ALT	0.608	True	8275	492	181	SL258	0.2764	species_wide
NC_009648_1041105_T_TG	REF	0.9826	True	13366	1345	424	SL258	0.1728	species_wide
NC_009648_1702463_G_T	REF	0.9826	True	13366	1345	424	SL258	0.1728	species_wide
NC_009648_1003531_G_A	REF	0.9828	True	13368	1345	424	SL258	0.1727	species_wide
NC_009648_1619024_C_T	REF	0.9828	True	13368	1345	424	SL258	0.1727	species_wide
NC_009648_4566732_G_A	REF	0.9828	True	13368	1344	424	SL258	0.1727	species_wide
NC_009648_2074558_C_A	REF	0.9829	True	13369	1345	424	SL258	0.1727	species_wide
NC_009648_2462354_G_T	REF	0.9829	True	13369	1345	424	SL258	0.1727	species_wide
NC_009648_2495291_C_G	REF	0.9829	True	13369	1345	424	SL258	0.1727	species_wide
NC_009648_2905176_G_A	REF	0.9829	True	13369	1345	424	SL258	0.1727	species_wide
NC_009648_3043995_T_C	REF	0.9829	True	13369	1345	424	SL258	0.1727	species_wide
NC_009648_3363871_A_T	REF	0.9829	True	13369	1345	424	SL258	0.1727	species_wide
NC_009648_1475019_G_A	REF	0.9829	True	13369	1345	424	SL258	0.1727	species_wide
NC_009648_877750_C_A	REF	0.9829	True	13369	1345	424	SL258	0.1727	species_wide
NC_009648_879878_G_A	REF	0.9829	True	13369	1345	424	SL258	0.1727	species_wide
NC_009648_933106_C_T	REF	0.9829	True	13369	1345	424	SL258	0.1727	species_wide
NC_009648_4262344_C_A	REF	0.9829	True	13369	1345	424	SL258	0.1727	species_wide
NC_009648_1626555_C_T	REF	0.9829	True	13370	1345	424	SL258	0.1727	species_wide
NC_009648_2889573_G_A	REF	0.9828	True	13368	1345	424	SL258	0.1727	species_wide
NC_009648_2495761_C_T	REF	0.9826	True	13365	1345	424	SL258	0.1728	species_wide
NC_009648_2834344_G_T	REF	0.9863	True	13415	1328	417	SL258	0.1721	species_wide
NC_009648_621053_A_AC	REF	0.9828	True	13368	1345	424	SL258	0.1727	species_wide
NC_009648_136556_G_T	ALT	0.0428	True	677	267	54	SL334	0.096	species_wide
NC_009648_445412_C_A	REF	0.9822	True	13360	1344	424	SL258	0.1728	species_wide
NC_009648_4767202_C_A	REF	0.9843	True	13388	1332	422	SL258	0.1693	species_wide
NC_009648_4446191_G_A	REF	0.741	True	10079	1081	322	SL258	0.2291	species_wide
NC_009648_2744372_T_A	ALT	0.0367	True	499	53	16	SL258	0.7455	few_sublineage
NC_009648_4025619_G_A	REF	0.9898	True	13377	1339	420	SL258	0.1713	species_wide
NC_009648_1565603_T_A	REF	0.9815	True	13351	1344	424	SL258	0.1562	species_wide
NC_009648_31081_G_A	REF	0.9858	True	13409	1341	423	SL258	0.1722	species_wide
NC_009648_5107515_G_A	ALT	0.862	True	11721	744	288	SL258	0.1944	species_wide
NC_009648_2072193_G_A	REF	0.9771	True	13291	1330	417	SL258	0.1737	species_wide
NC_009648_5244432_G_A	REF	0.9884	True	13444	1342	424	SL258	0.1717	species_wide
NC_009648_1565735_G_T	REF	0.9837	True	13380	1344	424	SL258	0.1567	species_wide
NC_009648_4180401_T_C	REF	0.842	True	11451	1266	385	SL258	0.1784	species_wide
NC_009648_2378393_T_C	ALT	0.346	True	4710	576	160	SL258	0.2682	species_wide
NC_009648_3713807_C_T	REF	0.9846	True	13393	1326	415	SL258	0.1724	species_wide
NC_009648_579230_A_T	REF	0.9726	True	13229	1234	389	SL258	0.1745	species_wide
NC_009648_851458_C_T	REF	0.9625	True	13092	1338	424	SL258	0.1764	species_wide
NC_009648_2586535_T_C	REF	0.972	True	13221	1226	391	SL258	0.1746	species_wide
NC_009648_4755050_C_A	REF	0.9627	True	13095	1344	424	SL258	0.1377	species_wide
NC_009648_5125627_G_A	ALT	0.0124	True	168	7	5	SL101	0.875	single_sublineage
NC_009648_1339792_G_T	REF	0.9885	True	13446	1334	419	SL258	0.1717	species_wide
NC_009648_651158_C_CA	REF	0.681	True	9259	1153	354	SL147	0.1083	species_wide
NC_009648_5115560_G_A	REF	0.9792	True	13319	1345	424	SL258	0.1521	species_wide
NC_009648_249307_T_A	REF	0.245	True	3568	526	138	SL17	0.2612	species_wide
NC_009648_4661975_G_T	REF	0.6719999999999999	True	9140	1152	331	SL258	0.1428	species_wide
NC_009648_2725640_C_G	REF	0.9037	True	12292	1205	382	SL258	0.1616	species_wide
NC_009648_2725649_A_G	REF	0.9629	True	13098	1333	422	SL258	0.1478	species_wide
NC_009648_3733558_T_G	REF	0.8160000000000001	True	11096	1221	376	SL258	0.1827	species_wide
NC_009648_2475230_C_T	REF	0.784	True	10669	1210	369	SL258	0.1231	species_wide
NC_009648_4661266_T_A	ALT	0.15	True	2039	364	92	SL258	0.2227	species_wide
NC_009648_891476_C_A	REF	0.889	True	12097	1295	406	SL258	0.0988	species_wide
NC_009648_5125647_GAT_G	REF	0.887	True	12473	1340	420	SL258	0.1067	species_wide
NC_009648_4668369_T_C	ALT	0.0386	True	525	145	37	SL45	0.1943	species_wide
NC_009648_2723437_G_A	REF	0.9807	True	13340	1341	422	SL258	0.1549	species_wide
NC_009648_1953553_T_C	ALT	0.0329	True	448	29	7	SL258	0.8951	single_sublineage
NC_009648_2551137_A_G	REF	0.9886	True	13447	1344	424	SL258	0.1717	species_wide
NC_009648_4315052_C_T	REF	0.9887	True	13448	1345	424	SL258	0.1717	species_wide
NC_009648_750969_T_G	REF	0.9887	True	13448	1345	424	SL258	0.1717	species_wide
NC_009648_1783634_T_C	REF	0.5569999999999999	True	7051	593	185	SL147	0.1422	species_wide
NC_009648_1783649_C_T	REF	0.796	True	11069	1276	395	SL147	0.0906	species_wide
NC_009648_2221069_A_G	REF	0.9888	True	13449	1345	424	SL258	0.1717	species_wide
NC_009648_2064253_A_T	REF	0.9887	True	13448	1344	424	SL258	0.1717	species_wide
NC_009648_1558110_T_G	REF	0.9843	True	13389	1333	415	SL258	0.1725	species_wide
NC_009648_4446458_C_A	ALT	0.127	True	1106	26	10	SL258	0.5841	few_sublineage
NC_009648_1565589_C_A	REF	0.9649	True	13178	1335	422	SL258	0.1539	species_wide
NC_009648_1985117_T_G	REF	0.9704	True	13281	1330	421	SL258	0.1561	species_wide
NC_009648_954072_C_T	REF	0.9771	True	13252	1335	419	SL258	0.1667	species_wide
NC_009648_2428089_C_A	REF	0.9526	True	13106	1345	424	SL258	0.1383	species_wide
NC_009648_3332623_C_A	ALT	0.0302	True	395	23	9	SL35	0.3544	species_wide
NC_009648_670877_C_G	REF	0.505	True	7691	1119	317	SL147	0.1303	species_wide
NC_009648_671019_A_G	ALT	0.23	True	3145	466	114	SL258	0.2324	species_wide
NC_009648_3204468_C_T	REF	0.471	True	6699	952	260	SL147	0.1496	species_wide
NC_009648_2846807_A_G	REF	0.9772	True	13377	1342	423	SL258	0.1726	species_wide
NC_009648_3007860_A_G	REF	0.9774	True	13383	1345	424	SL258	0.1725	species_wide
NC_009648_1544406_C_T	ALT	0.0337	True	244	52	15	SL307	0.2828	species_wide
NC_009648_4416116_G_A	REF	0.639	True	10029	1297	405	SL147	0.1	species_wide
NC_009648_1894426_C_T	ALT	0.0223	True	269	19	9	SL15	0.368	species_wide
NC_009648_1573909_T_A	ALT	0.0402	True	491	140	30	SL147	0.169	species_wide
NC_009648_4950034_C_T	ALT	0.0705	True	657	57	11	SL258	0.8311	single_sublineage
NC_009648_4950011_C_T	ALT	0.0675	True	536	10	2	SL258	0.9683	single_sublineage
NC_009648_4949955_G_A	ALT	0.146	True	1814	304	62	SL258	0.339	species_wide
NC_009648_2717723_C_T	ALT	0.0417	True	343	36	8	SL258	0.7551	few_sublineage
NC_009648_4949963_T_C	ALT	0.09	True	813	43	12	SL258	0.7196	few_sublineage
NC_009648_5203349_G_A	ALT	0.0567	True	370	27	9	SL258	0.7189	few_sublineage
NC_009648_3461139_TA_T	REF	0.9111	True	12734	1344	424	SL258	0.1198	species_wide
NC_009648_1544441_T_A	ALT	0.0223	True	196	54	13	SL307	0.4439	species_wide
NC_009648_3550979_G_A	ALT	0.0223	False	0	0	0			rare_sub1pct
NC_009648_1547695_C_A	ALT	0.0135	False	0	0	0			rare_sub1pct
NC_009648_1027891_G_A	ALT	0.0115	False	0	0	0			rare_sub1pct
NC_009648_2252766_C_T	ALT	0.0115	False	0	0	0			rare_sub1pct
NC_009648_2766737_G_GT	ALT	0.0115	False	0	0	0			rare_sub1pct
NC_009648_2796074_T_C	ALT	0.0115	False	0	0	0			rare_sub1pct
NC_009648_2830692_G_A	ALT	0.0115	False	0	0	0			rare_sub1pct
NC_009648_3434270_C_G	ALT	0.0115	False	0	0	0			rare_sub1pct
NC_009648_37027_G_A	ALT	0.0115	False	0	0	0			rare_sub1pct
NC_009648_4229476_G_T	ALT	0.0115	False	0	0	0			rare_sub1pct
NC_009648_489211_G_T	ALT	0.0115	False	0	0	0			rare_sub1pct
NC_009648_765649_A_G	ALT	0.0115	False	0	0	0			rare_sub1pct
NC_009648_13236_C_T	ALT	0.0116	False	0	0	0			rare_sub1pct
NC_009648_1826350_C_T	ALT	0.0114	False	0	0	0			rare_sub1pct
NC_009648_3286819_C_T	ALT	0.0114	False	0	0	0			rare_sub1pct
NC_009648_1547455_A_G	ALT	0.0133	False	0	0	0			rare_sub1pct
NC_009648_4214898_T_C	ALT	0.013	False	0	0	0			rare_sub1pct
NC_009648_621165_T_TG	ALT	0.011	False	0	0	0			rare_sub1pct
NC_009648_1080613_C_CA	ALT	0.013	False	0	0	0			rare_sub1pct
NC_009648_4933315_T_TGGAGCAATGC	ALT	0.0112	False	0	0	0			rare_sub1pct
NC_009648_1547911_G_T	ALT	0.0145	False	0	0	0			rare_sub1pct
NC_009648_1547746_G_C	ALT	0.014	False	0	0	0			rare_sub1pct
NC_009648_2725057_G_C	ALT	0.0114	False	0	0	0			rare_sub1pct
